E_MeV,E_keV,H_Z1,He_Z2,Li_Z3,Be_Z4,B_Z5,C_Z6,N_Z7,O_Z8,F_Z9,Ne_Z10,Na_Z11,Mg_Z12,Al_Z13,Si_Z14,P_Z15,S_Z16,Cl_Z17,Ar_Z18,K_Z19,Ca_Z20,Sc_Z21,Ti_Z22,V_Z23,Cr_Z24,Mn_Z25,Fe_Z26,Co_Z27,Ni_Z28,Cu_Z29,Zn_Z30,Zr_Z40,Sn_Z50,Ba_Z56,W_Z74,Pt_Z78,Au_Z79,Hg_Z80,Pb_Z82,Th_Z90,U_Z92,Tl_Z81
0.001,1.0,7.217,60.84,233.9,604.1,1229.0,2211.0,3311.0,4590.0,5649.0,7409.0,654.2,922.5,1185.0,1570.0,1913.0,2429.0,2832.0,3184.0,4058.0,4867.0,5238.0,5869.0,6495.0,7405.0,8093.0,9085.0,9796.0,9855.0,10570.0,1553.0,4210.0,8157.0,8543.0,3683.0,4433.0,4652.0,4830.0,5210.0,6614.0,6626.0,5007.000000000004
0.0015,1.5,2.148,16.76,66.68,179.7,376.6,700.2,1083.0,1549.0,1979.0,2666.0,3194.0,4004.0,402.2,535.5,654.7,834.2,977.1,1105.0,1418.0,1714.0,1858.0,2096.0,2342.0,2694.0,2984.0,3399.0,3697.0,4234.0,4418.0,4825.0,1631.0,3296.0,4499.0,1643.0,1986.0,2089.0,2174.0,2356.0,3161.0,3382.0,2259.0000000000005
0.002,2.0,1.059,6.863,27.07,74.69,159.7,302.6,476.9,694.9,904.7,1243.0,1521.0,1932.0,2263.0,2777.0,301.8,385.3,452.0,512.0,659.2,799.9,870.6,986.0,1106.0,1277.0,1421.0,1626.0,1779.0,2049.0,2154.0,2375.0,811.5,1665.0,2319.0,3922.0,1081.0,1137.0,1184.0,1285.0,1742.0,1865.0,1231.0000000000005
0.003,3.0,0.5612,2.007,7.549,21.27,46.67,90.33,145.6,217.1,288.8,405.1,507.0,658.5,788.0,978.4,1118.0,1339.0,1473.0,170.3,219.8,267.6,292.2,332.3,374.3,433.9,485.1,557.6,612.9,709.4,748.8,831.1,1772.0,614.3,869.6,1902.0,1965.0,2049.0,2117.0,1965.0,718.0,769.2,2189.0
0.004,4.0,0.4546,0.9329,3.114,8.685,19.27,37.78,61.66,93.15,125.6,178.5,226.1,297.4,360.5,452.9,524.2,633.8,703.7,757.2,925.6,121.8,133.2,151.7,171.2,198.8,222.9,256.7,283.0,328.2,347.3,386.5,850.7,939.3,424.6,956.4,1100.0,1144.0,1179.0,1251.0,1253.0,1329.0,1211.9999999999998
0.005,5.0,0.4193,0.5766,1.619,4.369,9.683,19.12,31.44,47.9,65.14,93.39,119.4,158.3,193.4,245.0,286.0,348.7,390.1,422.5,518.9,602.6,630.5,683.8,92.91,108.0,121.2,139.8,154.3,179.3,189.9,211.8,475.5,847.1,241.4,553.4,640.2,666.1,686.9,730.4,887.8,889.1,706.8000000000001
0.006,6.0,0.4042,0.4195,0.9875,2.527,5.538,10.95,18.09,27.7,37.89,54.67,70.3,93.81,115.3,147.0,172.6,211.6,238.4,259.3,320.5,373.1,393.3,432.3,468.7,516.0,73.5,84.84,93.7,109.0,115.6,129.0,293.5,529.4,689.8,351.4,408.3,425.3,438.7,467.2,594.5,628.4,451.59999999999985
0.008,8.0,0.3914,0.2933,0.5054,1.124,2.346,4.576,7.562,11.63,16.02,23.28,30.18,40.61,50.33,64.68,76.6,94.65,107.5,118.0,146.9,172.6,182.8,202.3,221.7,251.3,273.4,305.6,324.8,49.52,52.55,58.75,135.6,250.0,333.4,170.5,198.7,207.2,214.0,228.7,293.9,310.8,220.79999999999993
0.01,10.0,0.3854,0.2476,0.3395,0.6466,1.255,2.373,3.879,5.952,8.205,11.97,15.57,21.05,26.23,33.89,40.35,50.12,57.25,63.16,79.07,93.41,99.52,110.7,121.8,138.6,151.4,170.6,184.1,209.0,215.9,233.1,74.17,138.4,186.0,96.91,113.2,118.1,122.1,130.6,168.9,179.1,126.0
0.015,15.0,0.3764,0.2092,0.2176,0.307,0.4827,0.8071,1.236,1.836,2.492,3.613,4.694,6.358,7.955,10.34,12.39,15.5,17.84,19.83,25.03,29.79,32.02,35.87,39.83,45.71,50.27,57.08,62.01,70.81,74.05,81.17,24.63,46.64,63.47,138.9,157.8,163.7,168.1,111.6,61.41,65.28,149.70000000000005
0.02,20.0,0.3695,0.196,0.1856,0.2251,0.3014,0.442,0.6178,0.8651,1.133,1.606,2.057,2.763,3.441,4.464,5.352,6.708,7.739,8.629,10.93,13.06,14.09,15.85,17.68,20.38,22.53,25.68,28.03,32.2,33.79,37.19,72.37,21.46,29.38,65.73,75.74,78.83,81.23,86.36,93.68,71.06,83.6
0.03,30.0,0.357,0.1838,0.1644,0.1792,0.2063,0.2562,0.3066,0.3779,0.4487,0.5923,0.7197,0.9306,1.128,1.436,1.7,2.113,2.425,2.697,3.413,4.08,4.409,4.972,5.564,6.434,7.141,8.176,8.962,10.34,10.92,12.07,24.85,41.21,9.904,22.73,26.41,27.52,28.41,30.32,38.92,41.28,29.29
0.04,40.0,0.3458,0.1763,0.1551,0.164,0.1793,0.2076,0.2288,0.2585,0.2828,0.3473,0.3969,0.4881,0.5685,0.7012,0.8096,0.9872,1.117,1.228,1.541,1.83,1.969,2.214,2.472,2.856,3.169,3.629,3.981,4.6,4.862,5.384,11.39,19.42,24.57,10.67,12.45,12.98,13.42,14.36,18.65,19.83,13.850000000000003
0.05,50.0,0.3355,0.1703,0.1488,0.1554,0.1665,0.1871,0.198,0.2132,0.2214,0.2579,0.2804,0.3292,0.3681,0.4385,0.4916,0.5849,0.6483,0.7012,0.8679,1.019,1.087,1.213,1.347,1.55,1.714,1.958,2.144,2.474,2.613,2.892,6.173,10.7,13.79,5.949,6.954,7.256,7.504,8.041,10.52,11.21,7.749999999999999
0.06,60.0,0.326,0.1651,0.1438,0.1493,0.1583,0.1753,0.1817,0.1907,0.192,0.2161,0.2268,0.257,0.2778,0.3207,0.3494,0.4053,0.4395,0.4664,0.5678,0.6578,0.6932,0.7661,0.8438,0.9639,1.06,1.205,1.314,1.512,1.593,1.76,3.744,6.564,8.511,3.713,4.339,4.528,4.683,5.021,6.592,7.035,4.839
0.08,80.0,0.3091,0.1562,0.1356,0.1401,0.1472,0.161,0.1639,0.1678,0.1639,0.1781,0.1796,0.1951,0.2018,0.2228,0.2324,0.2585,0.2696,0.276,0.3251,0.3656,0.3753,0.4052,0.4371,0.4905,0.5306,0.5952,0.6414,0.7306,0.763,0.8364,1.721,3.029,3.963,7.81,8.731,2.185,2.259,2.419,3.178,3.395,2.332
0.1,100.0,0.2944,0.1486,0.1289,0.1328,0.1391,0.1514,0.1529,0.1551,0.1496,0.16,0.1585,0.1686,0.1704,0.1835,0.1865,0.202,0.205,0.2043,0.2345,0.2571,0.2577,0.2721,0.2877,0.3166,0.3367,0.3717,0.3949,0.444,0.4584,0.4973,0.9658,1.676,2.196,4.438,4.993,5.158,5.279,5.549,1.83,1.954,5.396
0.15,150.0,0.2651,0.1336,0.1158,0.119,0.1243,0.1347,0.1353,0.1361,0.1298,0.137,0.1335,0.1394,0.1378,0.1448,0.1432,0.1506,0.148,0.1427,0.1582,0.1674,0.1619,0.1649,0.1682,0.1788,0.1838,0.1964,0.2023,0.2208,0.2217,0.2341,0.379,0.6091,0.7828,1.581,1.795,1.86,1.909,2.014,2.472,2.591,1.957
0.2,200.0,0.2429,0.1224,0.106,0.1089,0.1136,0.1229,0.1233,0.1237,0.1176,0.1236,0.1199,0.1245,0.1223,0.1275,0.125,0.1302,0.1266,0.1205,0.1319,0.1376,0.131,0.1314,0.1318,0.1378,0.1391,0.146,0.1476,0.1582,0.1559,0.1617,0.2237,0.326,0.4046,0.7844,0.8896,0.9214,0.9456,0.9985,1.234,1.298,0.9694
0.3,300.0,0.2112,0.1064,0.0921,0.09463,0.09862,0.1066,0.1068,0.107,0.1015,0.1064,0.1029,0.1065,0.1042,0.1082,0.1055,0.1091,0.1054,0.09953,0.108,0.1116,0.1052,0.1043,0.1034,0.1067,0.1062,0.1099,0.1094,0.1154,0.1119,0.1141,0.1318,0.1639,0.1891,0.3238,0.3625,0.3744,0.3834,0.4031,0.4939,0.5192,0.3922
0.4,400.0,0.1893,0.09535,0.08249,0.08471,0.08834,0.09546,0.09557,0.09566,0.09073,0.09502,0.09185,0.09492,0.09276,0.09614,0.09359,0.09665,0.09311,0.08776,0.09495,0.09783,0.09193,0.09081,0.08965,0.09213,0.09133,0.094,0.09311,0.09765,0.09413,0.09539,0.1018,0.1156,0.1265,0.1925,0.2118,0.218,0.2224,0.2323,0.2789,0.2922,0.2267
0.5,500.0,0.1729,0.08707,0.07532,0.07739,0.08065,0.08715,0.08719,0.08729,0.08274,0.08664,0.08372,0.08647,0.08445,0.08748,0.08511,0.08781,0.08453,0.07958,0.086,0.08851,0.08305,0.08191,0.08074,0.08281,0.08192,0.08414,0.08315,0.08698,0.08362,0.0845,0.08693,0.09374,0.09923,0.1378,0.1492,0.153,0.1555,0.1614,0.1895,0.1976,0.158
0.6,600.0,0.1599,0.08054,0.06968,0.07155,0.0746,0.08058,0.08063,0.0807,0.07649,0.08006,0.07736,0.07988,0.07802,0.08077,0.07854,0.08102,0.07795,0.07335,0.07922,0.08148,0.07639,0.07529,0.07414,0.07598,0.07509,0.07704,0.07604,0.07944,0.07625,0.07695,0.07756,0.08113,0.0841,0.1093,0.1168,0.1194,0.121,0.1248,0.1435,0.149,0.12259999999999999
0.8,800.0,0.1405,0.07076,0.06121,0.06286,0.06549,0.07076,0.07081,0.07087,0.06717,0.07029,0.06788,0.07008,0.06841,0.07082,0.06884,0.07098,0.06826,0.06419,0.06929,0.07122,0.06675,0.06572,0.06466,0.0662,0.06537,0.06699,0.06604,0.06891,0.06605,0.06656,0.06571,0.06662,0.06744,0.08066,0.08456,0.08603,0.08679,0.0887,0.09861,0.1016,0.08750999999999999
1.0,1000.0,0.1263,0.06362,0.05503,0.05652,0.0589,0.06361,0.06364,0.06372,0.06037,0.06316,0.061,0.06296,0.06146,0.06361,0.06182,0.06373,0.06128,0.05762,0.06216,0.06388,0.05985,0.05891,0.05794,0.0593,0.05852,0.05995,0.05906,0.0616,0.05901,0.05941,0.0581,0.058,0.05803,0.06618,0.06857,0.06953,0.06993,0.07102,0.07709,0.07896,0.07031
1.25,1250.0,0.1129,0.05688,0.04921,0.05054,0.05266,0.0569,0.05693,0.05697,0.05399,0.05646,0.05454,0.05629,0.05496,0.05688,0.05526,0.05697,0.05478,0.0515,0.05556,0.05709,0.05347,0.05263,0.05175,0.05295,0.05224,0.0535,0.0527,0.05494,0.05261,0.05296,0.0515,0.05095,0.05058,0.05577,0.05727,0.05794,0.05814,0.05876,0.06251,0.0637,0.058309999999999994
1.5,1500.0,0.1027,0.05173,0.04476,0.04597,0.04791,0.05179,0.0518,0.05185,0.04915,0.05145,0.04968,0.05129,0.05006,0.05183,0.05039,0.05193,0.04994,0.04695,0.05068,0.05207,0.04878,0.04801,0.04722,0.04832,0.04769,0.04883,0.0481,0.05015,0.04803,0.04834,0.047,0.04638,0.04592,0.05,0.05112,0.05167,0.05179,0.05222,0.05498,0.05587,0.051870000000000006
2.0,2000.0,0.08769,0.04422,0.0383,0.03938,0.04108,0.04442,0.0445,0.04459,0.04228,0.0443,0.04282,0.04426,0.04324,0.0448,0.04358,0.04498,0.04328,0.04074,0.04399,0.04524,0.04243,0.0418,0.04115,0.04213,0.04162,0.04265,0.04204,0.04387,0.04205,0.04235,0.04146,0.04112,0.04078,0.04433,0.04522,0.0457,0.04575,0.04606,0.04812,0.04878,0.04580999999999999
3.0,3000.0,0.06921,0.03503,0.03043,0.03138,0.03284,0.03562,0.03579,0.03597,0.03422,0.03594,0.03487,0.03613,0.03541,0.03678,0.0359,0.03715,0.03585,0.03384,0.03666,0.0378,0.03554,0.03512,0.03466,0.03559,0.03524,0.03621,0.0358,0.03745,0.03599,0.03634,0.03644,0.03686,0.03692,0.04075,0.0416,0.04201,0.04207,0.04234,0.04396,0.04447,0.04211
4.0,4000.0,0.05806,0.02949,0.02572,0.02664,0.02798,0.03047,0.03073,0.031,0.0296,0.03122,0.03037,0.03159,0.03106,0.0324,0.03172,0.03293,0.03188,0.03019,0.03282,0.03395,0.03202,0.03173,0.03141,0.03235,0.03213,0.03312,0.03283,0.03444,0.03318,0.0336,0.03451,0.03561,0.03598,0.04038,0.04124,0.04166,0.04172,0.04197,0.04347,0.04392,0.041749999999999995
5.0,5000.0,0.05049,0.02577,0.02257,0.02347,0.02476,0.02708,0.02742,0.02777,0.02663,0.02818,0.02753,0.02873,0.02836,0.02967,0.02915,0.03036,0.0295,0.02802,0.03054,0.0317,0.02999,0.02982,0.0296,0.03057,0.03045,0.03146,0.03127,0.03289,0.03177,0.03225,0.03384,0.03548,0.03612,0.04103,0.04196,0.04239,0.04246,0.04272,0.04421,0.04463,0.042480000000000004
6.0,6000.0,0.04498,0.02307,0.0203,0.02121,0.02248,0.02469,0.02511,0.02552,0.02457,0.0261,0.02559,0.02681,0.02655,0.02788,0.02747,0.02872,0.02798,0.02667,0.02915,0.03035,0.02878,0.02868,0.02855,0.02956,0.02952,0.03057,0.03045,0.0321,0.03108,0.0316,0.03374,0.03583,0.03669,0.0421,0.0431,0.04355,0.04362,0.04391,0.04542,0.04583,0.043660000000000004
8.0,8000.0,0.03746,0.0194,0.01725,0.01819,0.01945,0.02154,0.02209,0.02263,0.02195,0.02348,0.02319,0.02445,0.02437,0.02574,0.02552,0.02682,0.02628,0.02517,0.02766,0.02892,0.02756,0.02759,0.02759,0.02869,0.02875,0.02991,0.02991,0.03164,0.03074,0.03138,0.03441,0.03724,0.03844,0.04472,0.04584,0.04633,0.04643,0.04675,0.04836,0.04879,0.046470000000000004
10.0,10000.0,0.03254,0.01703,0.01529,0.01627,0.01755,0.01959,0.02024,0.02089,0.02039,0.02197,0.02181,0.02313,0.02318,0.02462,0.02452,0.02589,0.02549,0.02451,0.02704,0.02839,0.02715,0.02727,0.02738,0.02855,0.02871,0.02994,0.03002,0.03185,0.03103,0.03175,0.03554,0.03895,0.04042,0.04747,0.04872,0.04926,0.04937,0.04972,0.05149,0.05195,0.04943
15.0,15000.0,0.02539,0.01363,0.01252,0.01361,0.01495,0.01698,0.01782,0.01866,0.01846,0.02013,0.02023,0.02168,0.02195,0.02352,0.02364,0.02517,0.02496,0.02418,0.02687,0.02838,0.02732,0.02762,0.02786,0.0292,0.02951,0.03092,0.03115,0.0332,0.03247,0.03335,0.03855,0.04315,0.04518,0.05384,0.05537,0.05598,0.05613,0.05658,0.05871,0.05927,0.056220000000000006
20.0,20000.0,0.02153,0.01183,0.01109,0.01227,0.01368,0.01575,0.01673,0.0177,0.01769,0.01946,0.0197,0.02127,0.02168,0.02338,0.02363,0.02529,0.0252,0.02453,0.02737,0.02903,0.02804,0.02844,0.02877,0.03026,0.03068,0.03224,0.03256,0.03476,0.03408,0.03509,0.04122,0.04662,0.04902,0.05893,0.06064,0.06136,0.06154,0.06206,0.06447,0.06512,0.061620000000000015
